"deck","title","decklabel"
"Data types (data_types)","Data types","data_types"
"Operators (operators)","Operators","operators"
"psyteachr_ads Ch. 01 (psyteachr_ads01)","psyteachr_ads Ch. 01","psyteachr_ads01"
"psyteachr_ads Ch. 02 (psyteachr_ads02)","psyteachr_ads Ch. 02","psyteachr_ads02"
"psyteachr_ads Ch. 03 (psyteachr_ads03)","psyteachr_ads Ch. 03","psyteachr_ads03"
"psyteachr_ads Ch. 04 (psyteachr_ads04)","psyteachr_ads Ch. 04","psyteachr_ads04"
"psyteachr_ads Ch. 07 (psyteachr_ads07)","psyteachr_ads Ch. 07","psyteachr_ads07"
"psyteachr_ads Ch. 08 (psyteachr_ads08)","psyteachr_ads Ch. 08","psyteachr_ads08"
"psyteachr_ads Ch. 09 (psyteachr_ads09)","psyteachr_ads Ch. 09","psyteachr_ads09"
"psyteachr_ads Ch. 10 (psyteachr_ads10)","psyteachr_ads Ch. 10","psyteachr_ads10"
"psyteachr_dsrr Ch. 01 (psyteachr_dsrr01)","psyteachr_dsrr Ch. 01","psyteachr_dsrr01"
"psyteachr_dsrr Ch. 02 (psyteachr_dsrr02)","psyteachr_dsrr Ch. 02","psyteachr_dsrr02"
"psyteachr_dsrr Ch. 03 (psyteachr_dsrr03)","psyteachr_dsrr Ch. 03","psyteachr_dsrr03"
"psyteachr_dsrr Ch. 04 (psyteachr_dsrr04)","psyteachr_dsrr Ch. 04","psyteachr_dsrr04"
"psyteachr_dsrr Ch. 05 (psyteachr_dsrr05)","psyteachr_dsrr Ch. 05","psyteachr_dsrr05"
"psyteachr_dsrr Ch. 06 (psyteachr_dsrr06)","psyteachr_dsrr Ch. 06","psyteachr_dsrr06"
"psyteachr_dsrr Ch. 07 (psyteachr_dsrr07)","psyteachr_dsrr Ch. 07","psyteachr_dsrr07"
"psyteachr_dsrr Ch. 08 (psyteachr_dsrr08)","psyteachr_dsrr Ch. 08","psyteachr_dsrr08"
"psyteachr_dsrr Ch. 09 (psyteachr_dsrr09)","psyteachr_dsrr Ch. 09","psyteachr_dsrr09"
"psyteachr_dsrr Ch. 10 (psyteachr_dsrr10)","psyteachr_dsrr Ch. 10","psyteachr_dsrr10"
"psyteachr_fqa Ch. 01 (psyteachr_fqa01)","psyteachr_fqa Ch. 01","psyteachr_fqa01"
"psyteachr_fqa Ch. 02 (psyteachr_fqa02)","psyteachr_fqa Ch. 02","psyteachr_fqa02"
"psyteachr_fqa Ch. 03 (psyteachr_fqa03)","psyteachr_fqa Ch. 03","psyteachr_fqa03"
"psyteachr_fqa Ch. 04 (psyteachr_fqa04)","psyteachr_fqa Ch. 04","psyteachr_fqa04"
"psyteachr_fqa Ch. 05 (psyteachr_fqa05)","psyteachr_fqa Ch. 05","psyteachr_fqa05"
"psyteachr_fqa Ch. 06 (psyteachr_fqa06)","psyteachr_fqa Ch. 06","psyteachr_fqa06"
"psyteachr_fqa Ch. 07 (psyteachr_fqa07)","psyteachr_fqa Ch. 07","psyteachr_fqa07"
"psyteachr_fqa Ch. 08 (psyteachr_fqa08)","psyteachr_fqa Ch. 08","psyteachr_fqa08"
"psyteachr_fqa Ch. 09 (psyteachr_fqa09)","psyteachr_fqa Ch. 09","psyteachr_fqa09"
"psyteachr_fqa Ch. 10 (psyteachr_fqa10)","psyteachr_fqa Ch. 10","psyteachr_fqa10"
"psyteachr_fqa Ch. 11 (psyteachr_fqa11)","psyteachr_fqa Ch. 11","psyteachr_fqa11"
"psyteachr_fqa Ch. 12 (psyteachr_fqa12)","psyteachr_fqa Ch. 12","psyteachr_fqa12"
"psyteachr_fqa Ch. 13 (psyteachr_fqa13)","psyteachr_fqa Ch. 13","psyteachr_fqa13"
"psyteachr_fqa Ch. 14 (psyteachr_fqa14)","psyteachr_fqa Ch. 14","psyteachr_fqa14"
"psyteachr_fqa Ch. 15 (psyteachr_fqa15)","psyteachr_fqa Ch. 15","psyteachr_fqa15"
"R4DS-2e Ch. 00 (r4ds-2e00)","R4DS-2e Ch. 00","r4ds-2e00"
"R4DS-2e Ch. 01 (r4ds-2e01)","R4DS-2e Ch. 01","r4ds-2e01"
"R4DS-2e Ch. 02 (r4ds-2e02)","R4DS-2e Ch. 02","r4ds-2e02"
"R4DS-2e Ch. 03 (r4ds-2e03)","R4DS-2e Ch. 03","r4ds-2e03"
"R4DS-2e Ch. 04 (r4ds-2e04)","R4DS-2e Ch. 04","r4ds-2e04"
"R4DS-2e Ch. 05 (r4ds-2e05)","R4DS-2e Ch. 05","r4ds-2e05"
"R4DS-2e Ch. 07 (r4ds-2e07)","R4DS-2e Ch. 07","r4ds-2e07"
"R4DS-2e Ch. 09 (r4ds-2e09)","R4DS-2e Ch. 09","r4ds-2e09"
"R4DS-2e Ch. 10 (r4ds-2e10)","R4DS-2e Ch. 10","r4ds-2e10"
"R4DS-2e Ch. 11 (r4ds-2e11)","R4DS-2e Ch. 11","r4ds-2e11"
"R4DS-2e Ch. 12 (r4ds-2e12)","R4DS-2e Ch. 12","r4ds-2e12"
"R4DS-2e Ch. 13 (r4ds-2e13)","R4DS-2e Ch. 13","r4ds-2e13"
"R4DS-2e Ch. 14 (r4ds-2e14)","R4DS-2e Ch. 14","r4ds-2e14"
"R4DS-2e Ch. 15 (r4ds-2e15)","R4DS-2e Ch. 15","r4ds-2e15"
"R4DS-2e Ch. 16 (r4ds-2e16)","R4DS-2e Ch. 16","r4ds-2e16"
"R4DS-2e Ch. 17 (r4ds-2e17)","R4DS-2e Ch. 17","r4ds-2e17"
"R4DS-2e Ch. 18 (r4ds-2e18)","R4DS-2e Ch. 18","r4ds-2e18"
"R4DS-2e Ch. 19 (r4ds-2e19)","R4DS-2e Ch. 19","r4ds-2e19"
"R4DS-2e Ch. 20 (r4ds-2e20)","R4DS-2e Ch. 20","r4ds-2e20"
"R4DS-2e Ch. 21 (r4ds-2e21)","R4DS-2e Ch. 21","r4ds-2e21"
"R4DS-2e Ch. 22 (r4ds-2e22)","R4DS-2e Ch. 22","r4ds-2e22"
"R4DS-2e Ch. 23 (r4ds-2e23)","R4DS-2e Ch. 23","r4ds-2e23"
"R4DS-2e Ch. 24 (r4ds-2e24)","R4DS-2e Ch. 24","r4ds-2e24"
"R4DS-2e Ch. 25 (r4ds-2e25)","R4DS-2e Ch. 25","r4ds-2e25"
"R4DS-2e Ch. 26 (r4ds-2e26)","R4DS-2e Ch. 26","r4ds-2e26"
"R4DS-2e Ch. 27 (r4ds-2e27)","R4DS-2e Ch. 27","r4ds-2e27"
"R4DS-2e Ch. 28 (r4ds-2e28)","R4DS-2e Ch. 28","r4ds-2e28"
"R4DS-2e Ch. 29 (r4ds-2e29)","R4DS-2e Ch. 29","r4ds-2e29"
"R4DS Ch. 1 (r4ds01)","R4DS Ch. 1","r4ds01"
"R4DS Ch. 3 (r4ds03)","R4DS Ch. 3","r4ds03"
"R4DS Ch. 5 (r4ds05)","R4DS Ch. 5","r4ds05"
"R4DS Ch. 7 (r4ds07)","R4DS Ch. 7","r4ds07"
"R4DS Ch. 8 (r4ds08)","R4DS Ch. 8","r4ds08"
"R4DS Ch. 10 (r4ds10)","R4DS Ch. 10","r4ds10"
"R4DS Ch. 11 (r4ds11)","R4DS Ch. 11","r4ds11"
"R4DS Ch. 12 (r4ds12)","R4DS Ch. 12","r4ds12"
"R4DS Ch. 13 (r4ds13)","R4DS Ch. 13","r4ds13"
"R4DS Ch. 14 (r4ds14)","R4DS Ch. 14","r4ds14"
"R4DS Ch. 15 (r4ds15)","R4DS Ch. 15","r4ds15"
"R4DS Ch. 16 (r4ds16)","R4DS Ch. 16","r4ds16"
"R4DS Ch. 18 (r4ds18)","R4DS Ch. 18","r4ds18"
"R4DS Ch. 19 (r4ds19)","R4DS Ch. 19","r4ds19"
"R4DS Ch. 20 (r4ds20)","R4DS Ch. 20","r4ds20"
"R4DS Ch. 21 (r4ds21)","R4DS Ch. 21","r4ds21"
"R4DS Ch. 23 (r4ds23)","R4DS Ch. 23","r4ds23"
"R4DS Ch. 25 (r4ds25)","R4DS Ch. 25","r4ds25"
"R4DS Ch. 27 (r4ds27)","R4DS Ch. 27","r4ds27"
"R4DS Ch. 28 (r4ds28)","R4DS Ch. 28","r4ds28"
"R4DS Ch. 29 (r4ds29)","R4DS Ch. 29","r4ds29"
"R4DS Ch. 30 (r4ds30)","R4DS Ch. 30","r4ds30"
"Vectors (vectors)","Vectors","vectors"
